Input File	Processes Number	Running Time (sec)
./resources/edgenew1600x1200.pgm	1	12.468232
./resources/edgenew1600x1200.pgm	1	12.467383
./resources/edgenew1600x1200.pgm	1	12.501065
./resources/edgenew1600x1200.pgm	1	12.468723
./resources/edgenew1600x1200.pgm	1	12.475229
./resources/edgenew1600x1200.pgm	1	12.551408
./resources/edgenew1600x1200.pgm	1	12.477835
./resources/edgenew1600x1200.pgm	1	12.499191
./resources/edgenew1600x1200.pgm	1	12.511546
./resources/edgenew1600x1200.pgm	1	12.427901
./resources/edgenew192x128.pgm	1	0.129761
./resources/edgenew192x128.pgm	1	0.093184
./resources/edgenew192x128.pgm	1	0.092632
./resources/edgenew192x128.pgm	1	0.094674
./resources/edgenew192x128.pgm	1	0.094229
./resources/edgenew192x128.pgm	1	0.092860
./resources/edgenew192x128.pgm	1	0.093037
./resources/edgenew192x128.pgm	1	0.093742
./resources/edgenew192x128.pgm	1	0.094176
./resources/edgenew192x128.pgm	1	0.093881
./resources/edgenew256x192.pgm	1	0.129985
./resources/edgenew256x192.pgm	1	0.129585
./resources/edgenew256x192.pgm	1	0.129276
./resources/edgenew256x192.pgm	1	0.129382
./resources/edgenew256x192.pgm	1	0.129440
./resources/edgenew256x192.pgm	1	0.128406
./resources/edgenew256x192.pgm	1	0.129077
./resources/edgenew256x192.pgm	1	0.128889
./resources/edgenew256x192.pgm	1	0.128980
./resources/edgenew256x192.pgm	1	0.129629
./resources/edgenew4928x2772.pgm	1	216.987181
./resources/edgenew4928x2772.pgm	1	217.023643
./resources/edgenew4928x2772.pgm	1	216.808960
./resources/edgenew4928x2772.pgm	1	217.057823
./resources/edgenew4928x2772.pgm	1	217.019422
./resources/edgenew4928x2772.pgm	1	217.020377
./resources/edgenew4928x2772.pgm	1	216.853221
./resources/edgenew4928x2772.pgm	1	217.048413
./resources/edgenew4928x2772.pgm	1	216.972119
./resources/edgenew4928x2772.pgm	1	217.353057
./resources/edgenew512x384.pgm	1	0.769476
./resources/edgenew512x384.pgm	1	0.761282
./resources/edgenew512x384.pgm	1	0.761269
./resources/edgenew512x384.pgm	1	0.760363
./resources/edgenew512x384.pgm	1	0.760376
./resources/edgenew512x384.pgm	1	0.775209
./resources/edgenew512x384.pgm	1	0.761053
./resources/edgenew512x384.pgm	1	0.760678
./resources/edgenew512x384.pgm	1	0.759892
./resources/edgenew512x384.pgm	1	0.760838
./resources/edgenew768x768.pgm	1	1.942965
./resources/edgenew768x768.pgm	1	1.944203
./resources/edgenew768x768.pgm	1	1.942395
./resources/edgenew768x768.pgm	1	1.945769
./resources/edgenew768x768.pgm	1	1.943283
./resources/edgenew768x768.pgm	1	1.940298
./resources/edgenew768x768.pgm	1	1.939912
./resources/edgenew768x768.pgm	1	1.942003
./resources/edgenew768x768.pgm	1	1.942641
./resources/edgenew768x768.pgm	1	1.943236
./resources/edgenew1600x1200.pgm	2	6.321677
./resources/edgenew1600x1200.pgm	2	6.338919
./resources/edgenew1600x1200.pgm	2	6.332677
./resources/edgenew1600x1200.pgm	2	6.299535
./resources/edgenew1600x1200.pgm	2	6.290841
./resources/edgenew1600x1200.pgm	2	6.352519
./resources/edgenew1600x1200.pgm	2	6.340022
./resources/edgenew1600x1200.pgm	2	6.271466
./resources/edgenew1600x1200.pgm	2	6.323857
./resources/edgenew1600x1200.pgm	2	6.291552
./resources/edgenew192x128.pgm	2	0.068651
./resources/edgenew192x128.pgm	2	0.071565
./resources/edgenew192x128.pgm	2	0.074544
./resources/edgenew192x128.pgm	2	0.049582
./resources/edgenew192x128.pgm	2	0.076338
./resources/edgenew192x128.pgm	2	0.074716
./resources/edgenew192x128.pgm	2	0.051089
./resources/edgenew192x128.pgm	2	0.048279
./resources/edgenew192x128.pgm	2	0.074337
./resources/edgenew192x128.pgm	2	0.049334
./resources/edgenew256x192.pgm	2	0.068370
./resources/edgenew256x192.pgm	2	0.091856
./resources/edgenew256x192.pgm	2	0.096411
./resources/edgenew256x192.pgm	2	0.100228
./resources/edgenew256x192.pgm	2	0.073810
./resources/edgenew256x192.pgm	2	0.067842
./resources/edgenew256x192.pgm	2	0.067302
./resources/edgenew256x192.pgm	2	0.068260
./resources/edgenew256x192.pgm	2	0.068320
./resources/edgenew256x192.pgm	2	0.100425
./resources/edgenew4928x2772.pgm	2	113.649592
./resources/edgenew4928x2772.pgm	2	113.611598
./resources/edgenew4928x2772.pgm	2	113.603520
./resources/edgenew4928x2772.pgm	2	113.617207
./resources/edgenew4928x2772.pgm	2	113.601890
./resources/edgenew4928x2772.pgm	2	113.589723
./resources/edgenew4928x2772.pgm	2	113.550720
./resources/edgenew4928x2772.pgm	2	113.545505
./resources/edgenew4928x2772.pgm	2	113.559695
./resources/edgenew4928x2772.pgm	2	113.631184
./resources/edgenew512x384.pgm	2	0.401765
./resources/edgenew512x384.pgm	2	0.414996
./resources/edgenew512x384.pgm	2	0.412065
./resources/edgenew512x384.pgm	2	0.391052
./resources/edgenew512x384.pgm	2	0.412211
./resources/edgenew512x384.pgm	2	0.398226
./resources/edgenew512x384.pgm	2	0.410915
./resources/edgenew512x384.pgm	2	0.414912
./resources/edgenew512x384.pgm	2	0.412092
./resources/edgenew512x384.pgm	2	0.390245
./resources/edgenew768x768.pgm	2	0.944467
./resources/edgenew768x768.pgm	2	0.946669
./resources/edgenew768x768.pgm	2	0.943918
./resources/edgenew768x768.pgm	2	0.944445
./resources/edgenew768x768.pgm	2	0.944142
./resources/edgenew768x768.pgm	2	0.953244
./resources/edgenew768x768.pgm	2	0.951319
./resources/edgenew768x768.pgm	2	0.943452
./resources/edgenew768x768.pgm	2	0.953327
./resources/edgenew768x768.pgm	2	0.944381
./resources/edgenew1600x1200.pgm	3	4.235443
./resources/edgenew1600x1200.pgm	3	4.229970
./resources/edgenew1600x1200.pgm	3	4.210954
./resources/edgenew1600x1200.pgm	3	4.192429
./resources/edgenew1600x1200.pgm	3	4.225797
./resources/edgenew1600x1200.pgm	3	4.221026
./resources/edgenew1600x1200.pgm	3	4.235675
./resources/edgenew1600x1200.pgm	3	4.205337
./resources/edgenew1600x1200.pgm	3	4.219151
./resources/edgenew1600x1200.pgm	3	4.196698
./resources/edgenew192x128.pgm	3	0.056957
./resources/edgenew192x128.pgm	3	0.051747
./resources/edgenew192x128.pgm	3	0.035451
./resources/edgenew192x128.pgm	3	0.058722
./resources/edgenew192x128.pgm	3	0.034450
./resources/edgenew192x128.pgm	3	0.045394
./resources/edgenew192x128.pgm	3	0.051507
./resources/edgenew192x128.pgm	3	0.053559
./resources/edgenew192x128.pgm	3	0.036695
./resources/edgenew192x128.pgm	3	0.055916
./resources/edgenew256x192.pgm	3	0.056940
./resources/edgenew256x192.pgm	3	0.068817
./resources/edgenew256x192.pgm	3	0.068138
./resources/edgenew256x192.pgm	3	0.048255
./resources/edgenew256x192.pgm	3	0.047085
./resources/edgenew256x192.pgm	3	0.066861
./resources/edgenew256x192.pgm	3	0.047177
./resources/edgenew256x192.pgm	3	0.061112
./resources/edgenew256x192.pgm	3	0.052835
./resources/edgenew256x192.pgm	3	0.057830
./resources/edgenew4928x2772.pgm	3	78.480671
./resources/edgenew4928x2772.pgm	3	78.497360
./resources/edgenew4928x2772.pgm	3	78.512826
./resources/edgenew4928x2772.pgm	3	78.518312
./resources/edgenew4928x2772.pgm	3	78.473283
./resources/edgenew4928x2772.pgm	3	78.527172
./resources/edgenew4928x2772.pgm	3	78.488778
./resources/edgenew4928x2772.pgm	3	78.521022
./resources/edgenew4928x2772.pgm	3	78.497966
./resources/edgenew4928x2772.pgm	3	78.505970
./resources/edgenew512x384.pgm	3	0.288578
./resources/edgenew512x384.pgm	3	0.294451
./resources/edgenew512x384.pgm	3	0.288252
./resources/edgenew512x384.pgm	3	0.266597
./resources/edgenew512x384.pgm	3	0.274928
./resources/edgenew512x384.pgm	3	0.290653
./resources/edgenew512x384.pgm	3	0.288374
./resources/edgenew512x384.pgm	3	0.267015
./resources/edgenew512x384.pgm	3	0.280566
./resources/edgenew512x384.pgm	3	0.267320
./resources/edgenew768x768.pgm	3	0.661775
./resources/edgenew768x768.pgm	3	0.657263
./resources/edgenew768x768.pgm	3	0.655090
./resources/edgenew768x768.pgm	3	0.655623
./resources/edgenew768x768.pgm	3	0.655527
./resources/edgenew768x768.pgm	3	0.656849
./resources/edgenew768x768.pgm	3	0.654829
./resources/edgenew768x768.pgm	3	0.662000
./resources/edgenew768x768.pgm	3	0.661884
./resources/edgenew768x768.pgm	3	0.661680
./resources/edgenew1600x1200.pgm	4	3.304227
./resources/edgenew1600x1200.pgm	4	3.295429
./resources/edgenew1600x1200.pgm	4	3.280906
./resources/edgenew1600x1200.pgm	4	3.313168
./resources/edgenew1600x1200.pgm	4	3.295426
./resources/edgenew1600x1200.pgm	4	3.297472
./resources/edgenew1600x1200.pgm	4	3.284472
./resources/edgenew1600x1200.pgm	4	3.302800
./resources/edgenew1600x1200.pgm	4	3.293665
./resources/edgenew1600x1200.pgm	4	3.307670
./resources/edgenew192x128.pgm	4	0.051282
./resources/edgenew192x128.pgm	4	0.050536
./resources/edgenew192x128.pgm	4	0.049644
./resources/edgenew192x128.pgm	4	0.049583
./resources/edgenew192x128.pgm	4	0.049758
./resources/edgenew192x128.pgm	4	0.050314
./resources/edgenew192x128.pgm	4	0.051001
./resources/edgenew192x128.pgm	4	0.053054
./resources/edgenew192x128.pgm	4	0.051033
./resources/edgenew192x128.pgm	4	0.048609
./resources/edgenew256x192.pgm	4	0.063607
./resources/edgenew256x192.pgm	4	0.059795
./resources/edgenew256x192.pgm	4	0.063476
./resources/edgenew256x192.pgm	4	0.063394
./resources/edgenew256x192.pgm	4	0.060094
./resources/edgenew256x192.pgm	4	0.060464
./resources/edgenew256x192.pgm	4	0.061242
./resources/edgenew256x192.pgm	4	0.061369
./resources/edgenew256x192.pgm	4	0.061615
./resources/edgenew256x192.pgm	4	0.060516
./resources/edgenew4928x2772.pgm	4	63.247970
./resources/edgenew4928x2772.pgm	4	63.251691
./resources/edgenew4928x2772.pgm	4	63.288860
./resources/edgenew4928x2772.pgm	4	63.253123
./resources/edgenew4928x2772.pgm	4	63.278755
./resources/edgenew4928x2772.pgm	4	63.227217
./resources/edgenew4928x2772.pgm	4	63.234954
./resources/edgenew4928x2772.pgm	4	63.229889
./resources/edgenew4928x2772.pgm	4	63.281495
./resources/edgenew4928x2772.pgm	4	63.250598
./resources/edgenew512x384.pgm	4	0.242562
./resources/edgenew512x384.pgm	4	0.233367
./resources/edgenew512x384.pgm	4	0.239884
./resources/edgenew512x384.pgm	4	0.238897
./resources/edgenew512x384.pgm	4	0.248544
./resources/edgenew512x384.pgm	4	0.239453
./resources/edgenew512x384.pgm	4	0.239892
./resources/edgenew512x384.pgm	4	0.242101
./resources/edgenew512x384.pgm	4	0.240830
./resources/edgenew512x384.pgm	4	0.241617
./resources/edgenew768x768.pgm	4	0.512403
./resources/edgenew768x768.pgm	4	0.511321
./resources/edgenew768x768.pgm	4	0.513515
./resources/edgenew768x768.pgm	4	0.514031
./resources/edgenew768x768.pgm	4	0.512989
./resources/edgenew768x768.pgm	4	0.511298
./resources/edgenew768x768.pgm	4	0.509995
./resources/edgenew768x768.pgm	4	0.512613
./resources/edgenew768x768.pgm	4	0.510070
./resources/edgenew768x768.pgm	4	0.511977
./resources/edgenew1600x1200.pgm	5	2.603655
./resources/edgenew1600x1200.pgm	5	2.642774
./resources/edgenew1600x1200.pgm	5	2.609674
./resources/edgenew1600x1200.pgm	5	2.603389
./resources/edgenew1600x1200.pgm	5	2.606727
./resources/edgenew1600x1200.pgm	5	2.597694
./resources/edgenew1600x1200.pgm	5	2.608188
./resources/edgenew1600x1200.pgm	5	2.601203
./resources/edgenew1600x1200.pgm	5	2.597331
./resources/edgenew1600x1200.pgm	5	2.594560
./resources/edgenew192x128.pgm	5	0.039337
./resources/edgenew192x128.pgm	5	0.040698
./resources/edgenew192x128.pgm	5	0.040100
./resources/edgenew192x128.pgm	5	0.041118
./resources/edgenew192x128.pgm	5	0.038948
./resources/edgenew192x128.pgm	5	0.041289
./resources/edgenew192x128.pgm	5	0.040703
./resources/edgenew192x128.pgm	5	0.041741
./resources/edgenew192x128.pgm	5	0.039941
./resources/edgenew192x128.pgm	5	0.042256
./resources/edgenew256x192.pgm	5	0.049369
./resources/edgenew256x192.pgm	5	0.049144
./resources/edgenew256x192.pgm	5	0.049087
./resources/edgenew256x192.pgm	5	0.050197
./resources/edgenew256x192.pgm	5	0.047836
./resources/edgenew256x192.pgm	5	0.048825
./resources/edgenew256x192.pgm	5	0.050117
./resources/edgenew256x192.pgm	5	0.050013
./resources/edgenew256x192.pgm	5	0.048155
./resources/edgenew256x192.pgm	5	0.049067
./resources/edgenew4928x2772.pgm	5	53.040833
./resources/edgenew4928x2772.pgm	5	53.023348
./resources/edgenew4928x2772.pgm	5	53.030682
./resources/edgenew4928x2772.pgm	5	53.008006
./resources/edgenew4928x2772.pgm	5	53.024347
./resources/edgenew4928x2772.pgm	5	53.079018
./resources/edgenew4928x2772.pgm	5	53.062379
./resources/edgenew4928x2772.pgm	5	53.032788
./resources/edgenew4928x2772.pgm	5	53.060739
./resources/edgenew4928x2772.pgm	5	53.051446
./resources/edgenew512x384.pgm	5	0.191982
./resources/edgenew512x384.pgm	5	0.189824
./resources/edgenew512x384.pgm	5	0.189511
./resources/edgenew512x384.pgm	5	0.194818
./resources/edgenew512x384.pgm	5	0.191230
./resources/edgenew512x384.pgm	5	0.196365
./resources/edgenew512x384.pgm	5	0.193241
./resources/edgenew512x384.pgm	5	0.188175
./resources/edgenew512x384.pgm	5	0.184837
./resources/edgenew512x384.pgm	5	0.190722
./resources/edgenew768x768.pgm	5	0.405912
./resources/edgenew768x768.pgm	5	0.402527
./resources/edgenew768x768.pgm	5	0.396097
./resources/edgenew768x768.pgm	5	0.400858
./resources/edgenew768x768.pgm	5	0.400577
./resources/edgenew768x768.pgm	5	0.398173
./resources/edgenew768x768.pgm	5	0.398783
./resources/edgenew768x768.pgm	5	0.405528
./resources/edgenew768x768.pgm	5	0.398523
./resources/edgenew768x768.pgm	5	0.402969
./resources/edgenew1600x1200.pgm	7	1.902126
./resources/edgenew1600x1200.pgm	7	1.900311
./resources/edgenew1600x1200.pgm	7	1.912836
./resources/edgenew1600x1200.pgm	7	1.898064
./resources/edgenew1600x1200.pgm	7	1.904034
./resources/edgenew1600x1200.pgm	7	1.900909
./resources/edgenew1600x1200.pgm	7	1.912003
./resources/edgenew1600x1200.pgm	7	1.880966
./resources/edgenew1600x1200.pgm	7	1.911057
./resources/edgenew1600x1200.pgm	7	1.902645
./resources/edgenew192x128.pgm	7	0.038037
./resources/edgenew192x128.pgm	7	0.032747
./resources/edgenew192x128.pgm	7	0.033132
./resources/edgenew192x128.pgm	7	0.033043
./resources/edgenew192x128.pgm	7	0.033893
./resources/edgenew192x128.pgm	7	0.033704
./resources/edgenew192x128.pgm	7	0.035111
./resources/edgenew192x128.pgm	7	0.034733
./resources/edgenew192x128.pgm	7	0.033058
./resources/edgenew192x128.pgm	7	0.034239
./resources/edgenew256x192.pgm	7	0.039946
./resources/edgenew256x192.pgm	7	0.039473
./resources/edgenew256x192.pgm	7	0.038933
./resources/edgenew256x192.pgm	7	0.047898
./resources/edgenew256x192.pgm	7	0.042038
./resources/edgenew256x192.pgm	7	0.039493
./resources/edgenew256x192.pgm	7	0.039546
./resources/edgenew256x192.pgm	7	0.038355
./resources/edgenew256x192.pgm	7	0.041195
./resources/edgenew256x192.pgm	7	0.038917
./resources/edgenew4928x2772.pgm	7	44.585644
./resources/edgenew4928x2772.pgm	7	44.584487
./resources/edgenew4928x2772.pgm	7	44.572657
./resources/edgenew4928x2772.pgm	7	45.566912
./resources/edgenew4928x2772.pgm	7	44.577955
./resources/edgenew4928x2772.pgm	7	44.569322
./resources/edgenew4928x2772.pgm	7	44.580540
./resources/edgenew4928x2772.pgm	7	44.587100
./resources/edgenew4928x2772.pgm	7	44.574515
./resources/edgenew4928x2772.pgm	7	44.546860
./resources/edgenew512x384.pgm	7	0.150102
./resources/edgenew512x384.pgm	7	0.148738
./resources/edgenew512x384.pgm	7	0.148003
./resources/edgenew512x384.pgm	7	0.148640
./resources/edgenew512x384.pgm	7	0.145227
./resources/edgenew512x384.pgm	7	0.149055
./resources/edgenew512x384.pgm	7	0.151870
./resources/edgenew512x384.pgm	7	0.146605
./resources/edgenew512x384.pgm	7	0.148104
./resources/edgenew512x384.pgm	7	0.148416
./resources/edgenew768x768.pgm	7	0.303495
./resources/edgenew768x768.pgm	7	0.296592
./resources/edgenew768x768.pgm	7	0.301671
./resources/edgenew768x768.pgm	7	0.302056
./resources/edgenew768x768.pgm	7	0.303150
./resources/edgenew768x768.pgm	7	0.306598
./resources/edgenew768x768.pgm	7	0.303146
./resources/edgenew768x768.pgm	7	0.301992
./resources/edgenew768x768.pgm	7	0.303420
./resources/edgenew768x768.pgm	7	0.301155
./resources/edgenew1600x1200.pgm	8	1.681129
./resources/edgenew1600x1200.pgm	8	1.692956
./resources/edgenew1600x1200.pgm	8	1.698176
./resources/edgenew1600x1200.pgm	8	1.682100
./resources/edgenew1600x1200.pgm	8	1.703698
./resources/edgenew1600x1200.pgm	8	1.695739
./resources/edgenew1600x1200.pgm	8	1.684491
./resources/edgenew1600x1200.pgm	8	1.683304
./resources/edgenew1600x1200.pgm	8	1.700141
./resources/edgenew1600x1200.pgm	8	1.687259
./resources/edgenew192x128.pgm	8	0.035037
./resources/edgenew192x128.pgm	8	0.034933
./resources/edgenew192x128.pgm	8	0.033570
./resources/edgenew192x128.pgm	8	0.033463
./resources/edgenew192x128.pgm	8	0.035639
./resources/edgenew192x128.pgm	8	0.035103
./resources/edgenew192x128.pgm	8	0.035425
./resources/edgenew192x128.pgm	8	0.035393
./resources/edgenew192x128.pgm	8	0.034305
./resources/edgenew192x128.pgm	8	0.034107
./resources/edgenew256x192.pgm	8	0.037976
./resources/edgenew256x192.pgm	8	0.037952
./resources/edgenew256x192.pgm	8	0.037033
./resources/edgenew256x192.pgm	8	0.038326
./resources/edgenew256x192.pgm	8	0.038880
./resources/edgenew256x192.pgm	8	0.037905
./resources/edgenew256x192.pgm	8	0.037432
./resources/edgenew256x192.pgm	8	0.038672
./resources/edgenew256x192.pgm	8	0.037387
./resources/edgenew256x192.pgm	8	0.037795
./resources/edgenew4928x2772.pgm	8	46.698659
./resources/edgenew4928x2772.pgm	8	46.706760
./resources/edgenew4928x2772.pgm	8	46.704080
./resources/edgenew4928x2772.pgm	8	46.695540
./resources/edgenew4928x2772.pgm	8	46.697250
./resources/edgenew4928x2772.pgm	8	46.708030
./resources/edgenew4928x2772.pgm	8	46.692587
./resources/edgenew4928x2772.pgm	8	46.689591
./resources/edgenew4928x2772.pgm	8	46.698730
./resources/edgenew4928x2772.pgm	8	46.703673
./resources/edgenew512x384.pgm	8	0.142975
./resources/edgenew512x384.pgm	8	0.137335
./resources/edgenew512x384.pgm	8	0.140577
./resources/edgenew512x384.pgm	8	0.138788
./resources/edgenew512x384.pgm	8	0.141211
./resources/edgenew512x384.pgm	8	0.134886
./resources/edgenew512x384.pgm	8	0.141508
./resources/edgenew512x384.pgm	8	0.138850
./resources/edgenew512x384.pgm	8	0.140013
./resources/edgenew512x384.pgm	8	0.136692
./resources/edgenew768x768.pgm	8	0.269355
./resources/edgenew768x768.pgm	8	0.268881
./resources/edgenew768x768.pgm	8	0.268308
./resources/edgenew768x768.pgm	8	0.268284
./resources/edgenew768x768.pgm	8	0.268274
./resources/edgenew768x768.pgm	8	0.269315
./resources/edgenew768x768.pgm	8	0.267683
./resources/edgenew768x768.pgm	8	0.266675
./resources/edgenew768x768.pgm	8	0.266227
./resources/edgenew768x768.pgm	8	0.265207
./resources/edgenew1600x1200.pgm	11	1.275947
./resources/edgenew1600x1200.pgm	11	1.268591
./resources/edgenew1600x1200.pgm	11	1.274668
./resources/edgenew1600x1200.pgm	11	1.281592
./resources/edgenew1600x1200.pgm	11	1.277046
./resources/edgenew1600x1200.pgm	11	1.291350
./resources/edgenew1600x1200.pgm	11	1.281992
./resources/edgenew1600x1200.pgm	11	1.283441
./resources/edgenew1600x1200.pgm	11	1.287646
./resources/edgenew1600x1200.pgm	11	1.302528
./resources/edgenew192x128.pgm	11	0.026725
./resources/edgenew192x128.pgm	11	0.028175
./resources/edgenew192x128.pgm	11	0.028121
./resources/edgenew192x128.pgm	11	0.028998
./resources/edgenew192x128.pgm	11	0.027733
./resources/edgenew192x128.pgm	11	0.027372
./resources/edgenew192x128.pgm	11	0.028013
./resources/edgenew192x128.pgm	11	0.027719
./resources/edgenew192x128.pgm	11	0.026691
./resources/edgenew192x128.pgm	11	0.029128
./resources/edgenew256x192.pgm	11	0.030897
./resources/edgenew256x192.pgm	11	0.030902
./resources/edgenew256x192.pgm	11	0.030777
./resources/edgenew256x192.pgm	11	0.031239
./resources/edgenew256x192.pgm	11	0.029700
./resources/edgenew256x192.pgm	11	0.030368
./resources/edgenew256x192.pgm	11	0.029931
./resources/edgenew256x192.pgm	11	0.029751
./resources/edgenew256x192.pgm	11	0.029939
./resources/edgenew256x192.pgm	11	0.030119
./resources/edgenew4928x2772.pgm	11	39.927904
./resources/edgenew4928x2772.pgm	11	39.944085
./resources/edgenew4928x2772.pgm	11	39.972670
./resources/edgenew4928x2772.pgm	11	39.954488
./resources/edgenew4928x2772.pgm	11	39.968130
./resources/edgenew4928x2772.pgm	11	39.965364
./resources/edgenew4928x2772.pgm	11	39.962673
./resources/edgenew4928x2772.pgm	11	39.929528
./resources/edgenew4928x2772.pgm	11	39.929905
./resources/edgenew4928x2772.pgm	11	39.980126
./resources/edgenew512x384.pgm	11	0.110654
./resources/edgenew512x384.pgm	11	0.116901
./resources/edgenew512x384.pgm	11	0.113097
./resources/edgenew512x384.pgm	11	0.115242
./resources/edgenew512x384.pgm	11	0.120837
./resources/edgenew512x384.pgm	11	0.111050
./resources/edgenew512x384.pgm	11	0.117037
./resources/edgenew512x384.pgm	11	0.119107
./resources/edgenew512x384.pgm	11	0.119774
./resources/edgenew512x384.pgm	11	0.111936
./resources/edgenew768x768.pgm	11	0.216986
./resources/edgenew768x768.pgm	11	0.211853
./resources/edgenew768x768.pgm	11	0.217952
./resources/edgenew768x768.pgm	11	0.215613
./resources/edgenew768x768.pgm	11	0.216546
./resources/edgenew768x768.pgm	11	0.218767
./resources/edgenew768x768.pgm	11	0.216862
./resources/edgenew768x768.pgm	11	0.215525
./resources/edgenew768x768.pgm	11	0.215120
./resources/edgenew768x768.pgm	11	0.215142
./resources/edgenew1600x1200.pgm	12	1.198388
./resources/edgenew1600x1200.pgm	12	1.203756
./resources/edgenew1600x1200.pgm	12	1.218575
./resources/edgenew1600x1200.pgm	12	1.218970
./resources/edgenew1600x1200.pgm	12	1.215199
./resources/edgenew1600x1200.pgm	12	1.209191
./resources/edgenew1600x1200.pgm	12	1.205297
./resources/edgenew1600x1200.pgm	12	1.219008
./resources/edgenew1600x1200.pgm	12	1.211229
./resources/edgenew1600x1200.pgm	12	1.204000
./resources/edgenew192x128.pgm	12	0.025844
./resources/edgenew192x128.pgm	12	0.024682
./resources/edgenew192x128.pgm	12	0.024912
./resources/edgenew192x128.pgm	12	0.024253
./resources/edgenew192x128.pgm	12	0.023984
./resources/edgenew192x128.pgm	12	0.024551
./resources/edgenew192x128.pgm	12	0.023655
./resources/edgenew192x128.pgm	12	0.024824
./resources/edgenew192x128.pgm	12	0.024553
./resources/edgenew192x128.pgm	12	0.024950
./resources/edgenew256x192.pgm	12	0.030015
./resources/edgenew256x192.pgm	12	0.030209
./resources/edgenew256x192.pgm	12	0.031821
./resources/edgenew256x192.pgm	12	0.031116
./resources/edgenew256x192.pgm	12	0.031908
./resources/edgenew256x192.pgm	12	0.030263
./resources/edgenew256x192.pgm	12	0.030485
./resources/edgenew256x192.pgm	12	0.030867
./resources/edgenew256x192.pgm	12	0.030640
./resources/edgenew256x192.pgm	12	0.030935
./resources/edgenew4928x2772.pgm	12	44.231773
./resources/edgenew4928x2772.pgm	12	44.227181
./resources/edgenew4928x2772.pgm	12	44.223773
./resources/edgenew4928x2772.pgm	12	44.221368
./resources/edgenew4928x2772.pgm	12	44.261222
./resources/edgenew4928x2772.pgm	12	44.237003
./resources/edgenew4928x2772.pgm	12	44.233371
./resources/edgenew4928x2772.pgm	12	44.201172
./resources/edgenew4928x2772.pgm	12	44.248771
./resources/edgenew4928x2772.pgm	12	44.241457
./resources/edgenew512x384.pgm	12	0.108585
./resources/edgenew512x384.pgm	12	0.108726
./resources/edgenew512x384.pgm	12	0.105190
./resources/edgenew512x384.pgm	12	0.102041
./resources/edgenew512x384.pgm	12	0.106725
./resources/edgenew512x384.pgm	12	0.106483
./resources/edgenew512x384.pgm	12	0.104634
./resources/edgenew512x384.pgm	12	0.109387
./resources/edgenew512x384.pgm	12	0.106389
./resources/edgenew512x384.pgm	12	0.108460
./resources/edgenew768x768.pgm	12	0.192190
./resources/edgenew768x768.pgm	12	0.197517
./resources/edgenew768x768.pgm	12	0.197163
./resources/edgenew768x768.pgm	12	0.188598
./resources/edgenew768x768.pgm	12	0.194298
./resources/edgenew768x768.pgm	12	0.192253
./resources/edgenew768x768.pgm	12	0.196546
./resources/edgenew768x768.pgm	12	0.195605
./resources/edgenew768x768.pgm	12	0.194333
./resources/edgenew768x768.pgm	12	0.196361
./resources/edgenew1600x1200.pgm	16	0.981044
./resources/edgenew1600x1200.pgm	16	0.988752
./resources/edgenew1600x1200.pgm	16	1.037045
./resources/edgenew1600x1200.pgm	16	0.984206
./resources/edgenew1600x1200.pgm	16	0.994498
./resources/edgenew1600x1200.pgm	16	0.991990
./resources/edgenew1600x1200.pgm	16	0.983213
./resources/edgenew1600x1200.pgm	16	0.985363
./resources/edgenew1600x1200.pgm	16	0.979261
./resources/edgenew1600x1200.pgm	16	0.975711
./resources/edgenew192x128.pgm	16	0.028194
./resources/edgenew192x128.pgm	16	0.028105
./resources/edgenew192x128.pgm	16	0.027838
./resources/edgenew192x128.pgm	16	0.027371
./resources/edgenew192x128.pgm	16	0.027933
./resources/edgenew192x128.pgm	16	0.027247
./resources/edgenew192x128.pgm	16	0.028071
./resources/edgenew192x128.pgm	16	0.026904
./resources/edgenew192x128.pgm	16	0.027345
./resources/edgenew192x128.pgm	16	0.026109
./resources/edgenew256x192.pgm	16	0.028238
./resources/edgenew256x192.pgm	16	0.027848
./resources/edgenew256x192.pgm	16	0.027350
./resources/edgenew256x192.pgm	16	0.028056
./resources/edgenew256x192.pgm	16	0.028850
./resources/edgenew256x192.pgm	16	0.028256
./resources/edgenew256x192.pgm	16	0.028029
./resources/edgenew256x192.pgm	16	0.028511
./resources/edgenew256x192.pgm	16	0.027626
./resources/edgenew256x192.pgm	16	0.027777
./resources/edgenew4928x2772.pgm	16	43.911993
./resources/edgenew4928x2772.pgm	16	43.923571
./resources/edgenew4928x2772.pgm	16	43.904968
./resources/edgenew4928x2772.pgm	16	43.922771
./resources/edgenew4928x2772.pgm	16	43.928692
./resources/edgenew4928x2772.pgm	16	43.921730
./resources/edgenew4928x2772.pgm	16	43.910478
./resources/edgenew4928x2772.pgm	16	43.933439
./resources/edgenew4928x2772.pgm	16	43.929679
./resources/edgenew4928x2772.pgm	16	43.918235
./resources/edgenew512x384.pgm	16	0.092390
./resources/edgenew512x384.pgm	16	0.091353
./resources/edgenew512x384.pgm	16	0.091404
./resources/edgenew512x384.pgm	16	0.092751
./resources/edgenew512x384.pgm	16	0.090938
./resources/edgenew512x384.pgm	16	0.092278
./resources/edgenew512x384.pgm	16	0.090860
./resources/edgenew512x384.pgm	16	0.090090
./resources/edgenew512x384.pgm	16	0.090533
./resources/edgenew512x384.pgm	16	0.091076
./resources/edgenew768x768.pgm	16	0.160862
./resources/edgenew768x768.pgm	16	0.155698
./resources/edgenew768x768.pgm	16	0.155455
./resources/edgenew768x768.pgm	16	0.157727
./resources/edgenew768x768.pgm	16	0.156614
./resources/edgenew768x768.pgm	16	0.159109
./resources/edgenew768x768.pgm	16	0.157100
./resources/edgenew768x768.pgm	16	0.157784
./resources/edgenew768x768.pgm	16	0.163875
./resources/edgenew768x768.pgm	16	0.158290
./resources/edgenew1600x1200.pgm	20	0.749517
./resources/edgenew1600x1200.pgm	20	0.758347
./resources/edgenew1600x1200.pgm	20	0.752939
./resources/edgenew1600x1200.pgm	20	0.751183
./resources/edgenew1600x1200.pgm	20	0.747077
./resources/edgenew1600x1200.pgm	20	0.742040
./resources/edgenew1600x1200.pgm	20	0.748038
./resources/edgenew1600x1200.pgm	20	0.751560
./resources/edgenew1600x1200.pgm	20	0.749510
./resources/edgenew1600x1200.pgm	20	0.755698
./resources/edgenew192x128.pgm	20	0.025487
./resources/edgenew192x128.pgm	20	0.024806
./resources/edgenew192x128.pgm	20	0.025017
./resources/edgenew192x128.pgm	20	0.024627
./resources/edgenew192x128.pgm	20	0.023971
./resources/edgenew192x128.pgm	20	0.024927
./resources/edgenew192x128.pgm	20	0.025743
./resources/edgenew192x128.pgm	20	0.025818
./resources/edgenew192x128.pgm	20	0.025302
./resources/edgenew192x128.pgm	20	0.024785
./resources/edgenew256x192.pgm	20	0.025522
./resources/edgenew256x192.pgm	20	0.025008
./resources/edgenew256x192.pgm	20	0.025341
./resources/edgenew256x192.pgm	20	0.025638
./resources/edgenew256x192.pgm	20	0.025510
./resources/edgenew256x192.pgm	20	0.025555
./resources/edgenew256x192.pgm	20	0.024961
./resources/edgenew256x192.pgm	20	0.024853
./resources/edgenew256x192.pgm	20	0.024161
./resources/edgenew256x192.pgm	20	0.024723
./resources/edgenew4928x2772.pgm	20	39.408308
./resources/edgenew4928x2772.pgm	20	39.407530
./resources/edgenew4928x2772.pgm	20	39.401914
./resources/edgenew4928x2772.pgm	20	39.411569
./resources/edgenew4928x2772.pgm	20	39.424986
./resources/edgenew4928x2772.pgm	20	39.408787
./resources/edgenew4928x2772.pgm	20	39.409036
./resources/edgenew4928x2772.pgm	20	39.407590
./resources/edgenew4928x2772.pgm	20	39.424966
./resources/edgenew4928x2772.pgm	20	39.419714
./resources/edgenew512x384.pgm	20	0.077019
./resources/edgenew512x384.pgm	20	0.077515
./resources/edgenew512x384.pgm	20	0.079220
./resources/edgenew512x384.pgm	20	0.079280
./resources/edgenew512x384.pgm	20	0.079728
./resources/edgenew512x384.pgm	20	0.076537
./resources/edgenew512x384.pgm	20	0.079140
./resources/edgenew512x384.pgm	20	0.079224
./resources/edgenew512x384.pgm	20	0.077414
./resources/edgenew512x384.pgm	20	0.079288
./resources/edgenew768x768.pgm	20	0.131712
./resources/edgenew768x768.pgm	20	0.129318
./resources/edgenew768x768.pgm	20	0.132387
./resources/edgenew768x768.pgm	20	0.132277
./resources/edgenew768x768.pgm	20	0.135560
./resources/edgenew768x768.pgm	20	0.132135
./resources/edgenew768x768.pgm	20	0.136145
./resources/edgenew768x768.pgm	20	0.134629
./resources/edgenew768x768.pgm	20	0.131866
./resources/edgenew768x768.pgm	20	0.132453
./resources/edgenew1600x1200.pgm	24	0.605363
./resources/edgenew1600x1200.pgm	24	0.605471
./resources/edgenew1600x1200.pgm	24	0.614484
./resources/edgenew1600x1200.pgm	24	0.605738
./resources/edgenew1600x1200.pgm	24	0.604597
./resources/edgenew1600x1200.pgm	24	0.601296
./resources/edgenew1600x1200.pgm	24	0.604210
./resources/edgenew1600x1200.pgm	24	0.603020
./resources/edgenew1600x1200.pgm	24	0.604682
./resources/edgenew1600x1200.pgm	24	0.601970
./resources/edgenew192x128.pgm	24	0.022533
./resources/edgenew192x128.pgm	24	0.023955
./resources/edgenew192x128.pgm	24	0.024425
./resources/edgenew192x128.pgm	24	0.024051
./resources/edgenew192x128.pgm	24	0.024104
./resources/edgenew192x128.pgm	24	0.024336
./resources/edgenew192x128.pgm	24	0.022938
./resources/edgenew192x128.pgm	24	0.023270
./resources/edgenew192x128.pgm	24	0.023723
./resources/edgenew192x128.pgm	24	0.023879
./resources/edgenew256x192.pgm	24	0.024013
./resources/edgenew256x192.pgm	24	0.022744
./resources/edgenew256x192.pgm	24	0.022448
./resources/edgenew256x192.pgm	24	0.022154
./resources/edgenew256x192.pgm	24	0.022789
./resources/edgenew256x192.pgm	24	0.023644
./resources/edgenew256x192.pgm	24	0.023247
./resources/edgenew256x192.pgm	24	0.023068
./resources/edgenew256x192.pgm	24	0.023238
./resources/edgenew256x192.pgm	24	0.023320
./resources/edgenew4928x2772.pgm	24	32.835523
./resources/edgenew4928x2772.pgm	24	32.843879
./resources/edgenew4928x2772.pgm	24	32.852892
./resources/edgenew4928x2772.pgm	24	32.833657
./resources/edgenew4928x2772.pgm	24	32.842731
./resources/edgenew4928x2772.pgm	24	32.844309
./resources/edgenew4928x2772.pgm	24	32.838809
./resources/edgenew4928x2772.pgm	24	32.842845
./resources/edgenew4928x2772.pgm	24	32.839125
./resources/edgenew4928x2772.pgm	24	32.846373
./resources/edgenew512x384.pgm	24	0.069722
./resources/edgenew512x384.pgm	24	0.066411
./resources/edgenew512x384.pgm	24	0.067881
./resources/edgenew512x384.pgm	24	0.068078
./resources/edgenew512x384.pgm	24	0.068402
./resources/edgenew512x384.pgm	24	0.067893
./resources/edgenew512x384.pgm	24	0.068563
./resources/edgenew512x384.pgm	24	0.068304
./resources/edgenew512x384.pgm	24	0.068345
./resources/edgenew512x384.pgm	24	0.067705
./resources/edgenew768x768.pgm	24	0.116901
./resources/edgenew768x768.pgm	24	0.114764
./resources/edgenew768x768.pgm	24	0.113803
./resources/edgenew768x768.pgm	24	0.115336
./resources/edgenew768x768.pgm	24	0.114166
./resources/edgenew768x768.pgm	24	0.114926
./resources/edgenew768x768.pgm	24	0.113837
./resources/edgenew768x768.pgm	24	0.114506
./resources/edgenew768x768.pgm	24	0.114608
./resources/edgenew768x768.pgm	24	0.114293
./resources/edgenew1600x1200.pgm	26	0.523732
./resources/edgenew1600x1200.pgm	26	0.522318
./resources/edgenew1600x1200.pgm	26	0.519836
./resources/edgenew1600x1200.pgm	26	0.522426
./resources/edgenew1600x1200.pgm	26	0.526287
./resources/edgenew1600x1200.pgm	26	0.523853
./resources/edgenew1600x1200.pgm	26	0.522478
./resources/edgenew1600x1200.pgm	26	0.527912
./resources/edgenew1600x1200.pgm	26	0.522786
./resources/edgenew1600x1200.pgm	26	0.523722
./resources/edgenew192x128.pgm	26	0.022882
./resources/edgenew192x128.pgm	26	0.021198
./resources/edgenew192x128.pgm	26	0.022881
./resources/edgenew192x128.pgm	26	0.021569
./resources/edgenew192x128.pgm	26	0.022995
./resources/edgenew192x128.pgm	26	0.022575
./resources/edgenew192x128.pgm	26	0.021883
./resources/edgenew192x128.pgm	26	0.022808
./resources/edgenew192x128.pgm	26	0.022647
./resources/edgenew192x128.pgm	26	0.022450
./resources/edgenew256x192.pgm	26	0.022328
./resources/edgenew256x192.pgm	26	0.030435
./resources/edgenew256x192.pgm	26	0.022707
./resources/edgenew256x192.pgm	26	0.022438
./resources/edgenew256x192.pgm	26	0.021646
./resources/edgenew256x192.pgm	26	0.021762
./resources/edgenew256x192.pgm	26	0.021531
./resources/edgenew256x192.pgm	26	0.021778
./resources/edgenew256x192.pgm	26	0.021867
./resources/edgenew256x192.pgm	26	0.021920
./resources/edgenew4928x2772.pgm	26	30.099708
./resources/edgenew4928x2772.pgm	26	30.087335
./resources/edgenew4928x2772.pgm	26	30.092301
./resources/edgenew4928x2772.pgm	26	30.099782
./resources/edgenew4928x2772.pgm	26	30.093063
./resources/edgenew4928x2772.pgm	26	30.080318
./resources/edgenew4928x2772.pgm	26	30.092445
./resources/edgenew4928x2772.pgm	26	30.086499
./resources/edgenew4928x2772.pgm	26	30.092807
./resources/edgenew4928x2772.pgm	26	30.094455
./resources/edgenew512x384.pgm	26	0.061717
./resources/edgenew512x384.pgm	26	0.060027
./resources/edgenew512x384.pgm	26	0.062270
./resources/edgenew512x384.pgm	26	0.078725
./resources/edgenew512x384.pgm	26	0.059824
./resources/edgenew512x384.pgm	26	0.060361
./resources/edgenew512x384.pgm	26	0.060978
./resources/edgenew512x384.pgm	26	0.060421
./resources/edgenew512x384.pgm	26	0.061330
./resources/edgenew512x384.pgm	26	0.059952
./resources/edgenew768x768.pgm	26	0.101807
./resources/edgenew768x768.pgm	26	0.100389
./resources/edgenew768x768.pgm	26	0.100208
./resources/edgenew768x768.pgm	26	0.102357
./resources/edgenew768x768.pgm	26	0.097563
./resources/edgenew768x768.pgm	26	0.101706
./resources/edgenew768x768.pgm	26	0.101380
./resources/edgenew768x768.pgm	26	0.100274
./resources/edgenew768x768.pgm	26	0.099572
./resources/edgenew768x768.pgm	26	0.102367
./resources/edgenew1600x1200.pgm	32	0.450426
./resources/edgenew1600x1200.pgm	32	0.449242
./resources/edgenew1600x1200.pgm	32	0.451157
./resources/edgenew1600x1200.pgm	32	0.449689
./resources/edgenew1600x1200.pgm	32	0.451366
./resources/edgenew1600x1200.pgm	32	0.448940
./resources/edgenew1600x1200.pgm	32	0.449726
./resources/edgenew1600x1200.pgm	32	0.450284
./resources/edgenew1600x1200.pgm	32	0.448864
./resources/edgenew1600x1200.pgm	32	0.449516
./resources/edgenew192x128.pgm	32	0.022974
./resources/edgenew192x128.pgm	32	0.021384
./resources/edgenew192x128.pgm	32	0.021761
./resources/edgenew192x128.pgm	32	0.020473
./resources/edgenew192x128.pgm	32	0.021568
./resources/edgenew192x128.pgm	32	0.021055
./resources/edgenew192x128.pgm	32	0.020972
./resources/edgenew192x128.pgm	32	0.021121
./resources/edgenew192x128.pgm	32	0.021098
./resources/edgenew192x128.pgm	32	0.019906
./resources/edgenew256x192.pgm	32	0.020071
./resources/edgenew256x192.pgm	32	0.020536
./resources/edgenew256x192.pgm	32	0.019218
./resources/edgenew256x192.pgm	32	0.019201
./resources/edgenew256x192.pgm	32	0.020667
./resources/edgenew256x192.pgm	32	0.019933
./resources/edgenew256x192.pgm	32	0.020301
./resources/edgenew256x192.pgm	32	0.020330
./resources/edgenew256x192.pgm	32	0.020148
./resources/edgenew256x192.pgm	32	0.020335
./resources/edgenew4928x2772.pgm	32	24.604162
./resources/edgenew4928x2772.pgm	32	24.598905
./resources/edgenew4928x2772.pgm	32	24.605023
./resources/edgenew4928x2772.pgm	32	24.605004
./resources/edgenew4928x2772.pgm	32	24.608987
./resources/edgenew4928x2772.pgm	32	24.633204
./resources/edgenew4928x2772.pgm	32	24.618835
./resources/edgenew4928x2772.pgm	32	24.627336
./resources/edgenew4928x2772.pgm	32	24.604587
./resources/edgenew4928x2772.pgm	32	24.628160
./resources/edgenew512x384.pgm	32	0.054153
./resources/edgenew512x384.pgm	32	0.056829
./resources/edgenew512x384.pgm	32	0.054601
./resources/edgenew512x384.pgm	32	0.055852
./resources/edgenew512x384.pgm	32	0.055642
./resources/edgenew512x384.pgm	32	0.057113
./resources/edgenew512x384.pgm	32	0.055379
./resources/edgenew512x384.pgm	32	0.053305
./resources/edgenew512x384.pgm	32	0.055315
./resources/edgenew512x384.pgm	32	0.056079
./resources/edgenew768x768.pgm	32	0.089439
./resources/edgenew768x768.pgm	32	0.090516
./resources/edgenew768x768.pgm	32	0.089814
./resources/edgenew768x768.pgm	32	0.090048
./resources/edgenew768x768.pgm	32	0.091571
./resources/edgenew768x768.pgm	32	0.088951
./resources/edgenew768x768.pgm	32	0.089894
./resources/edgenew768x768.pgm	32	0.090142
./resources/edgenew768x768.pgm	32	0.091104
./resources/edgenew768x768.pgm	32	0.089005
